,Instrument,Date,Short Interest Pct,
0,AAPL.O,2020-01-03T00:00:00Z,1.03819887,0
1,AAPL.O,2020-01-10T00:00:00Z,1.03819887,0.089357428
2,AAPL.O,2020-01-17T00:00:00Z,0.948841441,0
3,AAPL.O,2020-01-24T00:00:00Z,0.948841441,-0.000623852
4,AAPL.O,2020-01-31T00:00:00Z,0.949465293,0
5,AAPL.O,2020-02-07T00:00:00Z,0.949465293,0.014919872
6,AAPL.O,2020-02-14T00:00:00Z,0.934545421,0
7,AAPL.O,2020-02-21T00:00:00Z,0.934545421,0.27156664
8,AAPL.O,2020-02-28T00:00:00Z,0.662978782,0
9,AAPL.O,2020-03-06T00:00:00Z,0.662978782,-0.21527725
10,AAPL.O,2020-03-13T00:00:00Z,0.878256031,0
11,AAPL.O,2020-03-20T00:00:00Z,0.878256031,0
12,AAPL.O,2020-03-27T00:00:00Z,0.878256031,-0.014433434
13,AAPL.O,2020-04-03T00:00:00Z,0.892689465,0
14,AAPL.O,2020-04-10T00:00:00Z,0.892689465,0.101091857
15,AAPL.O,2020-04-17T00:00:00Z,0.791597608,0
16,AAPL.O,2020-04-24T00:00:00Z,0.791597608,0.094904118
17,AAPL.O,2020-05-01T00:00:00Z,0.69669349,0.00166332
18,AAPL.O,2020-05-08T00:00:00Z,0.69503017,-0.080001306
19,AAPL.O,2020-05-15T00:00:00Z,0.775031475,0
20,AAPL.O,2020-05-22T00:00:00Z,0.775031475,-0.013880613
21,AAPL.O,2020-05-29T00:00:00Z,0.788912089,0
22,AAPL.O,2020-06-05T00:00:00Z,0.788912089,0
23,AAPL.O,2020-06-12T00:00:00Z,0.788912089,
24,AAPL.O,2020-06-19T00:00:00Z,0.803544467,
25,AAPL.O,2020-06-26T00:00:00Z,0.803544467,
26,AAPL.O,2020-07-03T00:00:00Z,0.783577335,
27,AAPL.O,2020-07-10T00:00:00Z,0.783577335,
28,AAPL.O,2020-07-17T00:00:00Z,0.812918758,
29,AAPL.O,2020-07-24T00:00:00Z,0.812918758,
30,AAPL.O,2020-07-31T00:00:00Z,0.611452258,
31,AAPL.O,2020-08-07T00:00:00Z,0.619847007,
32,AAPL.O,2020-08-14T00:00:00Z,0.553339343,
33,AAPL.O,2020-08-21T00:00:00Z,0.553339343,
34,AAPL.O,2020-08-28T00:00:00Z,0.553339343,
35,AAPL.O,2020-09-04T00:00:00Z,0.46592134,
36,AAPL.O,2020-09-11T00:00:00Z,0.46592134,
37,AAPL.O,2020-09-18T00:00:00Z,0.527517695,
38,AAPL.O,2020-09-25T00:00:00Z,0.527517695,
39,AAPL.O,2020-10-02T00:00:00Z,0.515057608,
40,AAPL.O,2020-10-09T00:00:00Z,0.515057608,
41,AAPL.O,2020-10-16T00:00:00Z,0.486784832,
42,AAPL.O,2020-10-23T00:00:00Z,0.486784832,
43,AAPL.O,2020-10-30T00:00:00Z,0.473646575,
44,AAPL.O,2020-11-06T00:00:00Z,0.473646575,
45,AAPL.O,2020-11-13T00:00:00Z,0.515030988,
46,AAPL.O,2020-11-20T00:00:00Z,0.515030988,
47,AAPL.O,2020-11-27T00:00:00Z,0.515030988,
48,AAPL.O,2020-12-04T00:00:00Z,0.52926963,
49,AAPL.O,2020-12-11T00:00:00Z,0.52926963,
50,AAPL.O,2020-12-18T00:00:00Z,0.557126144,
51,AAPL.O,2020-12-25T00:00:00Z,0.557126144,
52,AAPL.O,2021-01-01T00:00:00Z,0.535777798,
53,AAPL.O,2021-01-08T00:00:00Z,0.541463521,
54,AAPL.O,2021-01-15T00:00:00Z,0.593804221,
55,AAPL.O,2021-01-22T00:00:00Z,0.593804221,
56,AAPL.O,2021-01-29T00:00:00Z,0.547188783,
57,AAPL.O,2021-02-05T00:00:00Z,0.547188783,
58,AAPL.O,2021-02-12T00:00:00Z,0.526144519,
59,AAPL.O,2021-02-19T00:00:00Z,0.526144519,
60,AAPL.O,2021-02-26T00:00:00Z,0.600421203,
61,AAPL.O,2021-03-05T00:00:00Z,0.600421203,
62,AAPL.O,2021-03-12T00:00:00Z,0.600421203,
63,AAPL.O,2021-03-19T00:00:00Z,0.637421787,
64,AAPL.O,2021-03-26T00:00:00Z,0.637421787,
65,AAPL.O,2021-04-02T00:00:00Z,0.604503595,
66,AAPL.O,2021-04-09T00:00:00Z,0.604503595,
67,AAPL.O,2021-04-16T00:00:00Z,0.762075095,
68,AAPL.O,2021-04-23T00:00:00Z,0.762075095,
69,AAPL.O,2021-04-30T00:00:00Z,0.495638674,
70,AAPL.O,2021-05-07T00:00:00Z,0.495638674,
71,AAPL.O,2021-05-14T00:00:00Z,0.56776939,
72,AAPL.O,2021-05-21T00:00:00Z,0.56776939,
73,AAPL.O,2021-05-28T00:00:00Z,0.737803511,
74,AAPL.O,2021-06-04T00:00:00Z,0.737803511,
75,AAPL.O,2021-06-11T00:00:00Z,0.737803511,
76,AAPL.O,2021-06-18T00:00:00Z,0.652806558,
77,AAPL.O,2021-06-25T00:00:00Z,0.652806558,
78,AAPL.O,2021-07-02T00:00:00Z,0.540601218,
79,AAPL.O,2021-07-09T00:00:00Z,0.540601218,
80,AAPL.O,2021-07-16T00:00:00Z,0.577405593,
81,AAPL.O,2021-07-23T00:00:00Z,0.577405593,
82,AAPL.O,2021-07-30T00:00:00Z,0.563302337,
83,AAPL.O,2021-08-06T00:00:00Z,0.563302337,
84,AAPL.O,2021-08-13T00:00:00Z,0.563248702,
85,AAPL.O,2021-08-20T00:00:00Z,0.563248702,
86,AAPL.O,2021-08-27T00:00:00Z,0.563248702,
87,AAPL.O,2021-09-03T00:00:00Z,0.585830025,
88,AAPL.O,2021-09-10T00:00:00Z,0.585830025,
89,AAPL.O,2021-09-17T00:00:00Z,0.610560212,
90,AAPL.O,2021-09-24T00:00:00Z,0.610560212,
91,AAPL.O,2021-10-01T00:00:00Z,0.611653794,
92,AAPL.O,2021-10-08T00:00:00Z,0.611653794,
93,AAPL.O,2021-10-15T00:00:00Z,0.610286029,
94,AAPL.O,2021-10-22T00:00:00Z,0.610286029,
95,AAPL.O,2021-10-29T00:00:00Z,0.612539023,
96,AAPL.O,2021-11-05T00:00:00Z,0.612539023,
97,AAPL.O,2021-11-12T00:00:00Z,0.612539023,
98,AAPL.O,2021-11-19T00:00:00Z,0.607620683,
99,AAPL.O,2021-11-26T00:00:00Z,0.607620683,
100,AAPL.O,2021-12-03T00:00:00Z,0.686311291,
101,AAPL.O,2021-12-10T00:00:00Z,0.686311291,
102,AAPL.O,2021-12-17T00:00:00Z,0.69044454,
103,AAPL.O,2021-12-24T00:00:00Z,0.69044454,
104,AAPL.O,2021-12-31T00:00:00Z,0.584579088,
105,AAPL.O,2022-01-07T00:00:00Z,0.58715656,
106,AAPL.O,2022-01-14T00:00:00Z,0.554001048,
107,AAPL.O,2022-01-21T00:00:00Z,0.554001048,
108,AAPL.O,2022-01-28T00:00:00Z,0.554001048,
109,AAPL.O,2022-02-04T00:00:00Z,0.559995392,
110,AAPL.O,2022-02-11T00:00:00Z,0.559995392,
111,AAPL.O,2022-02-18T00:00:00Z,0.667576222,
112,AAPL.O,2022-02-25T00:00:00Z,0.667576222,
113,AAPL.O,2022-03-04T00:00:00Z,0.676018846,
114,AAPL.O,2022-03-11T00:00:00Z,0.676018846,
115,AAPL.O,2022-03-18T00:00:00Z,0.68192775,
116,AAPL.O,2022-03-25T00:00:00Z,0.68192775,
117,AAPL.O,2022-04-01T00:00:00Z,0.62483209,
118,AAPL.O,2022-04-08T00:00:00Z,0.62483209,
119,AAPL.O,2022-04-15T00:00:00Z,0.6329395,
120,AAPL.O,2022-04-22T00:00:00Z,0.6329395,
121,AAPL.O,2022-04-29T00:00:00Z,0.637137524,
122,AAPL.O,2022-05-06T00:00:00Z,0.642422735,
123,AAPL.O,2022-05-13T00:00:00Z,0.671576906,
124,AAPL.O,2022-05-20T00:00:00Z,0.671576906,
125,AAPL.O,2022-05-27T00:00:00Z,0.671576906,
126,AAPL.O,2022-06-03T00:00:00Z,0.699919785,
127,AAPL.O,2022-06-10T00:00:00Z,0.699919785,
128,AAPL.O,2022-06-17T00:00:00Z,0.741831033,
129,AAPL.O,2022-06-24T00:00:00Z,0.741831033,
130,AAPL.O,2022-07-01T00:00:00Z,0.698134781,
131,AAPL.O,2022-07-08T00:00:00Z,0.698134781,
132,AAPL.O,2022-07-15T00:00:00Z,0.648699378,
133,AAPL.O,2022-07-22T00:00:00Z,0.648699378,
134,AAPL.O,2022-07-29T00:00:00Z,0.668114602,
135,AAPL.O,2022-08-05T00:00:00Z,0.669138553,
136,AAPL.O,2022-08-12T00:00:00Z,0.669138553,
137,AAPL.O,2022-08-19T00:00:00Z,0.718080307,
138,AAPL.O,2022-08-26T00:00:00Z,0.718080307,
139,AAPL.O,2022-09-02T00:00:00Z,0.703555192,
140,AAPL.O,2022-09-09T00:00:00Z,0.703555192,
141,AAPL.O,2022-09-16T00:00:00Z,0.722287056,
142,AAPL.O,2022-09-23T00:00:00Z,0.722287056,
143,AAPL.O,2022-09-30T00:00:00Z,0.642478938,
144,AAPL.O,2022-10-07T00:00:00Z,0.642478938,
145,AAPL.O,2022-10-14T00:00:00Z,0.67616484,
146,AAPL.O,2022-10-21T00:00:00Z,0.67616484,
147,AAPL.O,2022-10-28T00:00:00Z,0.683077328,
148,AAPL.O,2022-11-04T00:00:00Z,0.648591223,
149,AAPL.O,2022-11-11T00:00:00Z,0.648591223,
150,AAPL.O,2022-11-18T00:00:00Z,0.719330097,
151,AAPL.O,2022-11-25T00:00:00Z,0.719330097,
152,AAPL.O,2022-12-02T00:00:00Z,0.790287715,
153,AAPL.O,2022-12-09T00:00:00Z,0.790287715,
154,AAPL.O,2022-12-16T00:00:00Z,0.765379152,
155,AAPL.O,2022-12-23T00:00:00Z,0.765379152,
156,AAPL.O,2022-12-30T00:00:00Z,0.779630591,
157,AAPL.O,2023-01-06T00:00:00Z,0.779630591,
158,AAPL.O,2023-01-13T00:00:00Z,0.769558619,
159,AAPL.O,2023-01-20T00:00:00Z,0.769558619,
160,AAPL.O,2023-01-27T00:00:00Z,0.769558619,
161,AAPL.O,2023-02-03T00:00:00Z,0.729874263,
162,AAPL.O,2023-02-10T00:00:00Z,0.729874263,
163,AAPL.O,2023-02-17T00:00:00Z,0.659471532,
164,AAPL.O,2023-02-24T00:00:00Z,0.659471532,
165,AAPL.O,2023-03-03T00:00:00Z,0.70012427,
166,AAPL.O,2023-03-10T00:00:00Z,0.70012427,
167,AAPL.O,2023-03-17T00:00:00Z,0.678961064,
168,AAPL.O,2023-03-24T00:00:00Z,0.678961064,
169,AAPL.O,2023-03-31T00:00:00Z,0.705134626,
170,AAPL.O,2023-04-07T00:00:00Z,0.705134626,
171,AAPL.O,2023-04-14T00:00:00Z,0.726762232,
172,AAPL.O,2023-04-21T00:00:00Z,0.726762232,
173,AAPL.O,2023-04-28T00:00:00Z,0.787877885,
174,AAPL.O,2023-05-05T00:00:00Z,0.792548939,
175,AAPL.O,2023-05-12T00:00:00Z,0.792548939,
176,AAPL.O,2023-05-19T00:00:00Z,0.69858762,
177,AAPL.O,2023-05-26T00:00:00Z,0.69858762,
178,AAPL.O,2023-06-02T00:00:00Z,0.748026105,
179,AAPL.O,2023-06-09T00:00:00Z,0.748026105,
180,AAPL.O,2023-06-16T00:00:00Z,0.770912097,
181,AAPL.O,2023-06-23T00:00:00Z,0.770912097,
182,AAPL.O,2023-06-30T00:00:00Z,0.749395862,
183,AAPL.O,2023-07-07T00:00:00Z,0.749395862,
184,AAPL.O,2023-07-14T00:00:00Z,0.805067196,
185,AAPL.O,2023-07-21T00:00:00Z,0.805067196,
186,AAPL.O,2023-07-28T00:00:00Z,0.805067196,
187,AAPL.O,2023-08-04T00:00:00Z,0.673958462,
188,AAPL.O,2023-08-11T00:00:00Z,0.674546454,
189,AAPL.O,2023-08-18T00:00:00Z,0.568319335,
190,AAPL.O,2023-08-25T00:00:00Z,0.568319335,
191,AAPL.O,2023-09-01T00:00:00Z,0.653001229,
192,AAPL.O,2023-09-08T00:00:00Z,0.653001229,
193,AAPL.O,2023-09-15T00:00:00Z,0.686480377,
194,AAPL.O,2023-09-22T00:00:00Z,0.686480377,
195,AAPL.O,2023-09-29T00:00:00Z,0.60588611,
196,AAPL.O,2023-10-06T00:00:00Z,0.60588611,
197,AAPL.O,2023-10-13T00:00:00Z,0.595015744,
198,AAPL.O,2023-10-20T00:00:00Z,0.595015744,
199,AAPL.O,2023-10-27T00:00:00Z,0.595015744,
200,AAPL.O,2023-11-03T00:00:00Z,0.631450702,
201,AAPL.O,2023-11-10T00:00:00Z,0.631341486,
202,AAPL.O,2023-11-17T00:00:00Z,0.631341486,
203,AAPL.O,2023-11-24T00:00:00Z,0.631341486,
204,FIZZ.O,2020-01-03T00:00:00Z,17.02974894,
205,FIZZ.O,2020-01-10T00:00:00Z,17.02974894,
206,FIZZ.O,2020-01-17T00:00:00Z,16.40664691,
207,FIZZ.O,2020-01-24T00:00:00Z,16.40664691,
208,FIZZ.O,2020-01-31T00:00:00Z,16.17512188,
209,FIZZ.O,2020-02-07T00:00:00Z,16.17512188,
210,FIZZ.O,2020-02-14T00:00:00Z,15.68919958,
211,FIZZ.O,2020-02-21T00:00:00Z,15.68919958,
212,FIZZ.O,2020-02-28T00:00:00Z,15.65698516,
213,FIZZ.O,2020-03-06T00:00:00Z,15.63918397,
214,FIZZ.O,2020-03-13T00:00:00Z,14.74600352,
215,FIZZ.O,2020-03-20T00:00:00Z,14.74600352,
216,FIZZ.O,2020-03-27T00:00:00Z,14.74600352,
217,FIZZ.O,2020-04-03T00:00:00Z,14.49818517,
218,FIZZ.O,2020-04-10T00:00:00Z,14.49818517,
219,FIZZ.O,2020-04-17T00:00:00Z,14.4816844,
220,FIZZ.O,2020-04-24T00:00:00Z,14.4816844,
221,FIZZ.O,2020-05-01T00:00:00Z,13.69362236,
222,FIZZ.O,2020-05-08T00:00:00Z,13.69362236,
223,FIZZ.O,2020-05-15T00:00:00Z,13.84786554,
224,FIZZ.O,2020-05-22T00:00:00Z,13.84786554,
225,FIZZ.O,2020-05-29T00:00:00Z,14.26959628,
226,FIZZ.O,2020-06-05T00:00:00Z,14.26959628,
227,FIZZ.O,2020-06-12T00:00:00Z,14.26959628,
228,FIZZ.O,2020-06-19T00:00:00Z,13.84798996,
229,FIZZ.O,2020-06-26T00:00:00Z,13.84798996,
230,FIZZ.O,2020-07-03T00:00:00Z,12.75146485,
231,FIZZ.O,2020-07-10T00:00:00Z,12.75146485,
232,FIZZ.O,2020-07-17T00:00:00Z,12.95920945,
233,FIZZ.O,2020-07-24T00:00:00Z,12.95920945,
234,FIZZ.O,2020-07-31T00:00:00Z,12.54800969,
235,FIZZ.O,2020-08-07T00:00:00Z,12.54800969,
236,FIZZ.O,2020-08-14T00:00:00Z,14.31532621,
237,FIZZ.O,2020-08-21T00:00:00Z,14.31532621,
238,FIZZ.O,2020-08-28T00:00:00Z,14.31532621,
239,FIZZ.O,2020-09-04T00:00:00Z,14.29957967,
240,FIZZ.O,2020-09-11T00:00:00Z,14.29896638,
241,FIZZ.O,2020-09-18T00:00:00Z,14.95355335,
242,FIZZ.O,2020-09-25T00:00:00Z,14.95355335,
243,FIZZ.O,2020-10-02T00:00:00Z,15.70541474,
244,FIZZ.O,2020-10-09T00:00:00Z,15.70541474,
245,FIZZ.O,2020-10-16T00:00:00Z,16.28141619,
246,FIZZ.O,2020-10-23T00:00:00Z,16.28141619,
247,FIZZ.O,2020-10-30T00:00:00Z,16.83763724,
248,FIZZ.O,2020-11-06T00:00:00Z,16.83763724,
249,FIZZ.O,2020-11-13T00:00:00Z,16.68267713,
250,FIZZ.O,2020-11-20T00:00:00Z,16.68267713,
251,FIZZ.O,2020-11-27T00:00:00Z,16.68267713,
252,FIZZ.O,2020-12-04T00:00:00Z,16.58408818,
253,FIZZ.O,2020-12-11T00:00:00Z,16.57946618,
254,FIZZ.O,2020-12-18T00:00:00Z,15.91412156,
255,FIZZ.O,2020-12-25T00:00:00Z,15.91412156,
256,FIZZ.O,2021-01-01T00:00:00Z,15.60993461,
257,FIZZ.O,2021-01-08T00:00:00Z,15.60993461,
258,FIZZ.O,2021-01-15T00:00:00Z,15.63530925,
259,FIZZ.O,2021-01-22T00:00:00Z,15.63530925,
260,FIZZ.O,2021-01-29T00:00:00Z,8.715834495,
261,FIZZ.O,2021-02-05T00:00:00Z,8.715834495,
262,FIZZ.O,2021-02-12T00:00:00Z,6.328770501,
263,FIZZ.O,2021-02-19T00:00:00Z,6.328770501,
264,FIZZ.O,2021-02-26T00:00:00Z,6.642341087,
265,FIZZ.O,2021-03-05T00:00:00Z,6.642341087,
266,FIZZ.O,2021-03-12T00:00:00Z,6.641557968,
267,FIZZ.O,2021-03-19T00:00:00Z,5.942926657,
268,FIZZ.O,2021-03-26T00:00:00Z,5.942926657,
269,FIZZ.O,2021-04-02T00:00:00Z,6.193301251,
270,FIZZ.O,2021-04-09T00:00:00Z,6.193301251,
271,FIZZ.O,2021-04-16T00:00:00Z,5.532219376,
272,FIZZ.O,2021-04-23T00:00:00Z,5.532219376,
273,FIZZ.O,2021-04-30T00:00:00Z,5.776986313,
274,FIZZ.O,2021-05-07T00:00:00Z,5.776986313,
275,FIZZ.O,2021-05-14T00:00:00Z,6.098786723,
276,FIZZ.O,2021-05-21T00:00:00Z,6.098786723,
277,FIZZ.O,2021-05-28T00:00:00Z,6.097562727,
278,FIZZ.O,2021-06-04T00:00:00Z,6.097562727,
279,FIZZ.O,2021-06-11T00:00:00Z,6.097562727,
280,FIZZ.O,2021-06-18T00:00:00Z,5.932231166,
281,FIZZ.O,2021-06-25T00:00:00Z,5.932231166,
282,FIZZ.O,2021-07-02T00:00:00Z,6.056857933,
283,FIZZ.O,2021-07-09T00:00:00Z,6.056857933,
284,FIZZ.O,2021-07-16T00:00:00Z,6.364393192,
285,FIZZ.O,2021-07-23T00:00:00Z,6.364393192,
286,FIZZ.O,2021-07-30T00:00:00Z,6.730583658,
287,FIZZ.O,2021-08-06T00:00:00Z,6.730583658,
288,FIZZ.O,2021-08-13T00:00:00Z,6.721181464,
289,FIZZ.O,2021-08-20T00:00:00Z,6.721181464,
290,FIZZ.O,2021-08-27T00:00:00Z,6.721181464,
291,FIZZ.O,2021-09-03T00:00:00Z,6.514769488,
292,FIZZ.O,2021-09-10T00:00:00Z,6.514350622,
293,FIZZ.O,2021-09-17T00:00:00Z,5.844921775,
294,FIZZ.O,2021-09-24T00:00:00Z,5.844921775,
295,FIZZ.O,2021-10-01T00:00:00Z,5.149911059,
296,FIZZ.O,2021-10-08T00:00:00Z,5.149911059,
297,FIZZ.O,2021-10-15T00:00:00Z,5.126016931,
298,FIZZ.O,2021-10-22T00:00:00Z,5.126016931,
299,FIZZ.O,2021-10-29T00:00:00Z,4.589459923,
300,FIZZ.O,2021-11-05T00:00:00Z,4.589459923,
301,FIZZ.O,2021-11-12T00:00:00Z,4.589459923,
302,FIZZ.O,2021-11-19T00:00:00Z,4.606027647,
303,FIZZ.O,2021-11-26T00:00:00Z,4.606027647,
304,FIZZ.O,2021-12-03T00:00:00Z,4.725015002,
305,FIZZ.O,2021-12-10T00:00:00Z,4.725015002,
306,FIZZ.O,2021-12-17T00:00:00Z,4.724082726,
307,FIZZ.O,2021-12-24T00:00:00Z,4.724082726,
308,FIZZ.O,2021-12-31T00:00:00Z,4.453461209,
309,FIZZ.O,2022-01-07T00:00:00Z,4.453461209,
310,FIZZ.O,2022-01-14T00:00:00Z,4.403566224,
311,FIZZ.O,2022-01-21T00:00:00Z,4.403566224,
312,FIZZ.O,2022-01-28T00:00:00Z,4.403566224,
313,FIZZ.O,2022-02-04T00:00:00Z,4.292988641,
314,FIZZ.O,2022-02-11T00:00:00Z,4.292988641,
315,FIZZ.O,2022-02-18T00:00:00Z,4.289977497,
316,FIZZ.O,2022-02-25T00:00:00Z,4.289977497,
317,FIZZ.O,2022-03-04T00:00:00Z,4.292164595,
318,FIZZ.O,2022-03-11T00:00:00Z,4.291474795,
319,FIZZ.O,2022-03-18T00:00:00Z,4.091397654,
320,FIZZ.O,2022-03-25T00:00:00Z,4.091397654,
321,FIZZ.O,2022-04-01T00:00:00Z,3.534221889,
322,FIZZ.O,2022-04-08T00:00:00Z,3.534221889,
323,FIZZ.O,2022-04-15T00:00:00Z,3.431751219,
324,FIZZ.O,2022-04-22T00:00:00Z,3.431751219,
325,FIZZ.O,2022-04-29T00:00:00Z,3.383232442,
326,FIZZ.O,2022-05-06T00:00:00Z,3.383232442,
327,FIZZ.O,2022-05-13T00:00:00Z,2.971575508,
328,FIZZ.O,2022-05-20T00:00:00Z,2.971575508,
329,FIZZ.O,2022-05-27T00:00:00Z,2.971575508,
330,FIZZ.O,2022-06-03T00:00:00Z,2.551235871,
331,FIZZ.O,2022-06-10T00:00:00Z,2.551235871,
332,FIZZ.O,2022-06-17T00:00:00Z,2.327331655,
333,FIZZ.O,2022-06-24T00:00:00Z,2.327331655,
334,FIZZ.O,2022-07-01T00:00:00Z,2.414793546,
335,FIZZ.O,2022-07-08T00:00:00Z,2.414793546,
336,FIZZ.O,2022-07-15T00:00:00Z,2.292297885,
337,FIZZ.O,2022-07-22T00:00:00Z,2.292297885,
338,FIZZ.O,2022-07-29T00:00:00Z,2.234546487,
339,FIZZ.O,2022-08-05T00:00:00Z,2.234546487,
340,FIZZ.O,2022-08-12T00:00:00Z,2.234546487,
341,FIZZ.O,2022-08-19T00:00:00Z,2.352964495,
342,FIZZ.O,2022-08-26T00:00:00Z,2.352964495,
343,FIZZ.O,2022-09-02T00:00:00Z,2.174764833,
344,FIZZ.O,2022-09-09T00:00:00Z,2.174764833,
345,FIZZ.O,2022-09-16T00:00:00Z,2.357643189,
346,FIZZ.O,2022-09-23T00:00:00Z,2.357643189,
347,FIZZ.O,2022-09-30T00:00:00Z,1.879847436,
348,FIZZ.O,2022-10-07T00:00:00Z,1.879847436,
349,FIZZ.O,2022-10-14T00:00:00Z,1.750616041,
350,FIZZ.O,2022-10-21T00:00:00Z,1.750616041,
351,FIZZ.O,2022-10-28T00:00:00Z,1.750616041,
352,FIZZ.O,2022-11-04T00:00:00Z,1.546601598,
353,FIZZ.O,2022-11-11T00:00:00Z,1.546601598,
354,FIZZ.O,2022-11-18T00:00:00Z,1.462024042,
355,FIZZ.O,2022-11-25T00:00:00Z,1.462024042,
356,FIZZ.O,2022-12-02T00:00:00Z,1.525224453,
357,FIZZ.O,2022-12-09T00:00:00Z,1.524979379,
358,FIZZ.O,2022-12-16T00:00:00Z,1.430480006,
359,FIZZ.O,2022-12-23T00:00:00Z,1.430480006,
360,FIZZ.O,2022-12-30T00:00:00Z,1.501973156,
361,FIZZ.O,2023-01-06T00:00:00Z,1.501973156,
362,FIZZ.O,2023-01-13T00:00:00Z,1.648115219,
363,FIZZ.O,2023-01-20T00:00:00Z,1.648115219,
364,FIZZ.O,2023-01-27T00:00:00Z,1.648115219,
365,FIZZ.O,2023-02-03T00:00:00Z,1.511231562,
366,FIZZ.O,2023-02-10T00:00:00Z,1.511231562,
367,FIZZ.O,2023-02-17T00:00:00Z,1.471291764,
368,FIZZ.O,2023-02-24T00:00:00Z,1.471291764,
369,FIZZ.O,2023-03-03T00:00:00Z,1.297456964,
370,FIZZ.O,2023-03-10T00:00:00Z,1.297456964,
371,FIZZ.O,2023-03-17T00:00:00Z,1.407483423,
372,FIZZ.O,2023-03-24T00:00:00Z,1.407483423,
373,FIZZ.O,2023-03-31T00:00:00Z,1.550229773,
374,FIZZ.O,2023-04-07T00:00:00Z,1.550229773,
375,FIZZ.O,2023-04-14T00:00:00Z,1.626034514,
376,FIZZ.O,2023-04-21T00:00:00Z,1.626034514,
377,FIZZ.O,2023-04-28T00:00:00Z,1.832461731,
378,FIZZ.O,2023-05-05T00:00:00Z,1.832461731,
379,FIZZ.O,2023-05-12T00:00:00Z,1.832461731,
380,FIZZ.O,2023-05-19T00:00:00Z,1.90750699,
381,FIZZ.O,2023-05-26T00:00:00Z,1.90750699,
382,FIZZ.O,2023-06-02T00:00:00Z,1.913932064,
383,FIZZ.O,2023-06-09T00:00:00Z,1.913932064,
384,FIZZ.O,2023-06-16T00:00:00Z,1.879666427,
385,FIZZ.O,2023-06-23T00:00:00Z,1.879666427,
386,FIZZ.O,2023-06-30T00:00:00Z,1.786148424,
387,FIZZ.O,2023-07-07T00:00:00Z,1.786148424,
388,FIZZ.O,2023-07-14T00:00:00Z,1.785144718,
389,FIZZ.O,2023-07-21T00:00:00Z,1.785144718,
390,FIZZ.O,2023-07-28T00:00:00Z,1.785144718,
391,FIZZ.O,2023-08-04T00:00:00Z,1.805242411,
392,FIZZ.O,2023-08-11T00:00:00Z,1.805242411,
393,FIZZ.O,2023-08-18T00:00:00Z,1.880064057,
394,FIZZ.O,2023-08-25T00:00:00Z,1.880064057,
395,FIZZ.O,2023-09-01T00:00:00Z,1.872259357,
396,FIZZ.O,2023-09-08T00:00:00Z,1.872259357,
397,FIZZ.O,2023-09-15T00:00:00Z,1.878098421,
398,FIZZ.O,2023-09-22T00:00:00Z,1.878098421,
399,FIZZ.O,2023-09-29T00:00:00Z,1.859847462,
400,FIZZ.O,2023-10-06T00:00:00Z,1.859847462,
401,FIZZ.O,2023-10-13T00:00:00Z,1.681503738,
402,FIZZ.O,2023-10-20T00:00:00Z,1.681503738,
403,FIZZ.O,2023-10-27T00:00:00Z,1.681503738,
404,FIZZ.O,2023-11-03T00:00:00Z,1.664944191,
405,FIZZ.O,2023-11-10T00:00:00Z,1.664944191,
406,FIZZ.O,2023-11-17T00:00:00Z,1.664944191,
407,FIZZ.O,2023-11-24T00:00:00Z,1.664944191,
408,LGND.O,2020-01-03T00:00:00Z,44.26506292,
409,LGND.O,2020-01-10T00:00:00Z,44.26506292,
410,LGND.O,2020-01-17T00:00:00Z,44.12928885,
411,LGND.O,2020-01-24T00:00:00Z,44.12928885,
412,LGND.O,2020-01-31T00:00:00Z,43.73798326,
413,LGND.O,2020-02-07T00:00:00Z,43.73798326,
414,LGND.O,2020-02-14T00:00:00Z,43.69213688,
415,LGND.O,2020-02-21T00:00:00Z,43.69213688,
416,LGND.O,2020-02-28T00:00:00Z,47.90134505,
417,LGND.O,2020-03-06T00:00:00Z,47.90134505,
418,LGND.O,2020-03-13T00:00:00Z,53.95282036,
419,LGND.O,2020-03-20T00:00:00Z,53.95282036,
420,LGND.O,2020-03-27T00:00:00Z,53.95282036,
421,LGND.O,2020-04-03T00:00:00Z,56.06906392,
422,LGND.O,2020-04-10T00:00:00Z,56.06906392,
423,LGND.O,2020-04-17T00:00:00Z,57.25256589,
424,LGND.O,2020-04-24T00:00:00Z,58.87561371,
425,LGND.O,2020-05-01T00:00:00Z,57.21282243,
426,LGND.O,2020-05-08T00:00:00Z,57.21282243,
427,LGND.O,2020-05-15T00:00:00Z,58.84667913,
428,LGND.O,2020-05-22T00:00:00Z,58.84667913,
429,LGND.O,2020-05-29T00:00:00Z,57.67906542,
430,LGND.O,2020-06-05T00:00:00Z,57.67906542,
431,LGND.O,2020-06-12T00:00:00Z,57.67906542,
432,LGND.O,2020-06-19T00:00:00Z,58.88968847,
433,LGND.O,2020-06-26T00:00:00Z,58.88968847,
434,LGND.O,2020-07-03T00:00:00Z,56.04388785,
435,LGND.O,2020-07-10T00:00:00Z,56.04388785,
436,LGND.O,2020-07-17T00:00:00Z,54.99098442,
437,LGND.O,2020-07-24T00:00:00Z,54.99098442,
438,LGND.O,2020-07-31T00:00:00Z,53.22315265,
439,LGND.O,2020-08-07T00:00:00Z,53.13046399,
440,LGND.O,2020-08-14T00:00:00Z,55.53517229,
441,LGND.O,2020-08-21T00:00:00Z,55.53517229,
442,LGND.O,2020-08-28T00:00:00Z,55.53517229,
443,LGND.O,2020-09-04T00:00:00Z,56.06971016,
444,LGND.O,2020-09-11T00:00:00Z,56.06971016,
445,LGND.O,2020-09-18T00:00:00Z,57.69505536,
446,LGND.O,2020-09-25T00:00:00Z,57.69505536,
447,LGND.O,2020-10-02T00:00:00Z,61.2123585,
448,LGND.O,2020-10-09T00:00:00Z,61.2123585,
449,LGND.O,2020-10-16T00:00:00Z,63.58898495,
450,LGND.O,2020-10-23T00:00:00Z,63.58898495,
451,LGND.O,2020-10-30T00:00:00Z,66.80604553,
452,LGND.O,2020-11-06T00:00:00Z,66.75207259,
453,LGND.O,2020-11-13T00:00:00Z,66.10817735,
454,LGND.O,2020-11-20T00:00:00Z,66.10817735,
455,LGND.O,2020-11-27T00:00:00Z,66.10817735,
456,LGND.O,2020-12-04T00:00:00Z,63.05682482,
457,LGND.O,2020-12-11T00:00:00Z,63.05682482,
458,LGND.O,2020-12-18T00:00:00Z,62.06701076,
459,LGND.O,2020-12-25T00:00:00Z,62.06701076,
460,LGND.O,2021-01-01T00:00:00Z,61.63265966,
461,LGND.O,2021-01-08T00:00:00Z,61.63265966,
462,LGND.O,2021-01-15T00:00:00Z,62.24440644,
463,LGND.O,2021-01-22T00:00:00Z,62.24440644,
464,LGND.O,2021-01-29T00:00:00Z,37.12162179,
465,LGND.O,2021-02-05T00:00:00Z,37.12162179,
466,LGND.O,2021-02-12T00:00:00Z,17.05824265,
467,LGND.O,2021-02-19T00:00:00Z,17.05824265,
468,LGND.O,2021-02-26T00:00:00Z,13.31973874,
469,LGND.O,2021-03-05T00:00:00Z,13.31973874,
470,LGND.O,2021-03-12T00:00:00Z,13.31973874,
471,LGND.O,2021-03-19T00:00:00Z,11.22009993,
472,LGND.O,2021-03-26T00:00:00Z,11.22009993,
473,LGND.O,2021-04-02T00:00:00Z,9.038183241,
474,LGND.O,2021-04-09T00:00:00Z,9.038183241,
475,LGND.O,2021-04-16T00:00:00Z,9.447917168,
476,LGND.O,2021-04-23T00:00:00Z,9.447917168,
477,LGND.O,2021-04-30T00:00:00Z,9.696907278,
478,LGND.O,2021-05-07T00:00:00Z,9.696907278,
479,LGND.O,2021-05-14T00:00:00Z,9.583593562,
480,LGND.O,2021-05-21T00:00:00Z,9.583593562,
481,LGND.O,2021-05-28T00:00:00Z,9.537503003,
482,LGND.O,2021-06-04T00:00:00Z,9.537503003,
483,LGND.O,2021-06-11T00:00:00Z,9.537503003,
484,LGND.O,2021-06-18T00:00:00Z,10.33212827,
485,LGND.O,2021-06-25T00:00:00Z,10.33212827,
486,LGND.O,2021-07-02T00:00:00Z,10.52366683,
487,LGND.O,2021-07-09T00:00:00Z,10.52366683,
488,LGND.O,2021-07-16T00:00:00Z,10.55907399,
489,LGND.O,2021-07-23T00:00:00Z,10.55907399,
490,LGND.O,2021-07-30T00:00:00Z,9.900174153,
491,LGND.O,2021-08-06T00:00:00Z,9.885333093,
492,LGND.O,2021-08-13T00:00:00Z,9.69775739,
493,LGND.O,2021-08-20T00:00:00Z,9.69775739,
494,LGND.O,2021-08-27T00:00:00Z,9.69775739,
495,LGND.O,2021-09-03T00:00:00Z,9.637842538,
496,LGND.O,2021-09-10T00:00:00Z,9.637842538,
497,LGND.O,2021-09-17T00:00:00Z,10.65466811,
498,LGND.O,2021-09-24T00:00:00Z,10.65466811,
499,LGND.O,2021-10-01T00:00:00Z,10.39980812,
500,LGND.O,2021-10-08T00:00:00Z,10.39980812,
501,LGND.O,2021-10-15T00:00:00Z,9.975205373,
502,LGND.O,2021-10-22T00:00:00Z,9.975205373,
503,LGND.O,2021-10-29T00:00:00Z,9.948360017,
504,LGND.O,2021-11-05T00:00:00Z,9.948360017,
505,LGND.O,2021-11-12T00:00:00Z,9.927525132,
506,LGND.O,2021-11-19T00:00:00Z,9.504062949,
507,LGND.O,2021-11-26T00:00:00Z,9.504062949,
508,LGND.O,2021-12-03T00:00:00Z,9.599293921,
509,LGND.O,2021-12-10T00:00:00Z,9.599293921,
510,LGND.O,2021-12-17T00:00:00Z,10.06747247,
511,LGND.O,2021-12-24T00:00:00Z,10.06747247,
512,LGND.O,2021-12-31T00:00:00Z,9.658652465,
513,LGND.O,2022-01-07T00:00:00Z,9.658652465,
514,LGND.O,2022-01-14T00:00:00Z,9.224515318,
515,LGND.O,2022-01-21T00:00:00Z,9.224515318,
516,LGND.O,2022-01-28T00:00:00Z,9.224515318,
517,LGND.O,2022-02-04T00:00:00Z,8.182389899,
518,LGND.O,2022-02-11T00:00:00Z,8.182389899,
519,LGND.O,2022-02-18T00:00:00Z,7.354110819,
520,LGND.O,2022-02-25T00:00:00Z,7.354110819,
521,LGND.O,2022-03-04T00:00:00Z,7.305909927,
522,LGND.O,2022-03-11T00:00:00Z,7.305909927,
523,LGND.O,2022-03-18T00:00:00Z,7.105631045,
524,LGND.O,2022-03-25T00:00:00Z,7.105631045,
525,LGND.O,2022-04-01T00:00:00Z,7.317943393,
526,LGND.O,2022-04-08T00:00:00Z,7.317943393,
527,LGND.O,2022-04-15T00:00:00Z,6.616679523,
528,LGND.O,2022-04-22T00:00:00Z,6.616679523,
529,LGND.O,2022-04-29T00:00:00Z,6.619666686,
530,LGND.O,2022-05-06T00:00:00Z,6.619666686,
531,LGND.O,2022-05-13T00:00:00Z,6.027869047,
532,LGND.O,2022-05-20T00:00:00Z,6.027869047,
533,LGND.O,2022-05-27T00:00:00Z,6.027869047,
534,LGND.O,2022-06-03T00:00:00Z,5.416950359,
535,LGND.O,2022-06-10T00:00:00Z,5.416950359,
536,LGND.O,2022-06-17T00:00:00Z,5.384437459,
537,LGND.O,2022-06-24T00:00:00Z,5.384437459,
538,LGND.O,2022-07-01T00:00:00Z,5.372261432,
539,LGND.O,2022-07-08T00:00:00Z,5.372261432,
540,LGND.O,2022-07-15T00:00:00Z,5.181383073,
541,LGND.O,2022-07-22T00:00:00Z,5.181383073,
542,LGND.O,2022-07-29T00:00:00Z,5.140513611,
543,LGND.O,2022-08-05T00:00:00Z,5.140513611,
544,LGND.O,2022-08-12T00:00:00Z,5.13381508,
545,LGND.O,2022-08-19T00:00:00Z,4.969193864,
546,LGND.O,2022-08-26T00:00:00Z,4.969193864,
547,LGND.O,2022-09-02T00:00:00Z,4.786850678,
548,LGND.O,2022-09-09T00:00:00Z,4.786850678,
549,LGND.O,2022-09-16T00:00:00Z,4.933898004,
550,LGND.O,2022-09-23T00:00:00Z,4.933898004,
551,LGND.O,2022-09-30T00:00:00Z,4.682621572,
552,LGND.O,2022-10-07T00:00:00Z,4.682621572,
553,LGND.O,2022-10-14T00:00:00Z,4.369886868,
554,LGND.O,2022-10-21T00:00:00Z,4.369886868,
555,LGND.O,2022-10-28T00:00:00Z,4.369886868,
556,LGND.O,2022-11-04T00:00:00Z,4.356086004,
557,LGND.O,2022-11-11T00:00:00Z,6.981266706,
558,LGND.O,2022-11-18T00:00:00Z,4.641417071,
559,LGND.O,2022-11-25T00:00:00Z,4.641417071,
560,LGND.O,2022-12-02T00:00:00Z,4.535000592,
561,LGND.O,2022-12-09T00:00:00Z,4.535000592,
562,LGND.O,2022-12-16T00:00:00Z,5.124955606,
563,LGND.O,2022-12-23T00:00:00Z,5.124955606,
564,LGND.O,2022-12-30T00:00:00Z,4.692571327,
565,LGND.O,2023-01-06T00:00:00Z,4.692571327,
566,LGND.O,2023-01-13T00:00:00Z,4.765165147,
567,LGND.O,2023-01-20T00:00:00Z,4.765165147,
568,LGND.O,2023-01-27T00:00:00Z,4.765165147,
569,LGND.O,2023-02-03T00:00:00Z,4.770770688,
570,LGND.O,2023-02-10T00:00:00Z,4.770770688,
571,LGND.O,2023-02-17T00:00:00Z,4.841192139,
572,LGND.O,2023-02-24T00:00:00Z,4.841192139,
573,LGND.O,2023-03-03T00:00:00Z,4.907565732,
574,LGND.O,2023-03-10T00:00:00Z,4.907565732,
575,LGND.O,2023-03-17T00:00:00Z,5.272981203,
576,LGND.O,2023-03-24T00:00:00Z,5.272981203,
577,LGND.O,2023-03-31T00:00:00Z,4.562809627,
578,LGND.O,2023-04-07T00:00:00Z,4.562809627,
579,LGND.O,2023-04-14T00:00:00Z,4.519476489,
580,LGND.O,2023-04-21T00:00:00Z,4.493426875,
581,LGND.O,2023-04-28T00:00:00Z,4.721984164,
582,LGND.O,2023-05-05T00:00:00Z,4.721984164,
583,LGND.O,2023-05-12T00:00:00Z,4.695466914,
584,LGND.O,2023-05-19T00:00:00Z,4.726480635,
585,LGND.O,2023-05-26T00:00:00Z,4.726480635,
586,LGND.O,2023-06-02T00:00:00Z,4.78828808,
587,LGND.O,2023-06-09T00:00:00Z,4.78828808,
588,LGND.O,2023-06-16T00:00:00Z,4.712701905,
589,LGND.O,2023-06-23T00:00:00Z,4.712701905,
590,LGND.O,2023-06-30T00:00:00Z,4.899096856,
591,LGND.O,2023-07-07T00:00:00Z,4.899096856,
592,LGND.O,2023-07-14T00:00:00Z,4.830226365,
593,LGND.O,2023-07-21T00:00:00Z,4.830226365,
594,LGND.O,2023-07-28T00:00:00Z,4.830226365,
595,LGND.O,2023-08-04T00:00:00Z,4.664916343,
596,LGND.O,2023-08-11T00:00:00Z,4.642875252,
597,LGND.O,2023-08-18T00:00:00Z,4.84318064,
598,LGND.O,2023-08-25T00:00:00Z,4.84318064,
599,LGND.O,2023-09-01T00:00:00Z,5.065854221,
600,LGND.O,2023-09-08T00:00:00Z,5.065854221,
601,LGND.O,2023-09-15T00:00:00Z,4.753817344,
602,LGND.O,2023-09-22T00:00:00Z,4.753817344,
603,LGND.O,2023-09-29T00:00:00Z,4.748533564,
604,LGND.O,2023-10-06T00:00:00Z,4.748533564,
605,LGND.O,2023-10-13T00:00:00Z,4.86735811,
606,LGND.O,2023-10-20T00:00:00Z,4.86735811,
607,LGND.O,2023-10-27T00:00:00Z,4.86735811,
608,LGND.O,2023-11-03T00:00:00Z,5.050083549,
609,LGND.O,2023-11-10T00:00:00Z,5.026623079,
610,LGND.O,2023-11-17T00:00:00Z,5.026623079,
611,LGND.O,2023-11-24T00:00:00Z,5.026623079,
612,GME.N,2020-01-03T00:00:00Z,95.08169807,
613,GME.N,2020-01-10T00:00:00Z,95.08169807,
614,GME.N,2020-01-17T00:00:00Z,98.84989381,
615,GME.N,2020-01-24T00:00:00Z,98.84989381,
616,GME.N,2020-01-31T00:00:00Z,96.12161039,
617,GME.N,2020-02-07T00:00:00Z,96.12161039,
618,GME.N,2020-02-14T00:00:00Z,100.6016823,
619,GME.N,2020-02-21T00:00:00Z,100.6016823,
620,GME.N,2020-02-28T00:00:00Z,103.3510922,
621,GME.N,2020-03-06T00:00:00Z,103.3510922,
622,GME.N,2020-03-13T00:00:00Z,94.8304208,
623,GME.N,2020-03-20T00:00:00Z,94.8304208,
624,GME.N,2020-03-27T00:00:00Z,96.98425331,
625,GME.N,2020-04-03T00:00:00Z,86.86828633,
626,GME.N,2020-04-10T00:00:00Z,86.86828633,
627,GME.N,2020-04-17T00:00:00Z,91.29145645,
628,GME.N,2020-04-24T00:00:00Z,91.29145645,
629,GME.N,2020-05-01T00:00:00Z,88.29726704,
630,GME.N,2020-05-08T00:00:00Z,88.29726704,
631,GME.N,2020-05-15T00:00:00Z,86.08129355,
632,GME.N,2020-05-22T00:00:00Z,86.08129355,
633,GME.N,2020-05-29T00:00:00Z,87.23415348,
634,GME.N,2020-06-05T00:00:00Z,87.23415348,
635,GME.N,2020-06-12T00:00:00Z,86.99572415,
636,GME.N,2020-06-19T00:00:00Z,92.63685665,
637,GME.N,2020-06-26T00:00:00Z,92.63685665,
638,GME.N,2020-07-03T00:00:00Z,84.25023394,
639,GME.N,2020-07-10T00:00:00Z,84.25023394,
640,GME.N,2020-07-17T00:00:00Z,82.61394401,
641,GME.N,2020-07-24T00:00:00Z,82.61394401,
642,GME.N,2020-07-31T00:00:00Z,84.1960685,
643,GME.N,2020-08-07T00:00:00Z,84.1960685,
644,GME.N,2020-08-14T00:00:00Z,85.99327507,
645,GME.N,2020-08-21T00:00:00Z,85.99327507,
646,GME.N,2020-08-28T00:00:00Z,85.99327507,
647,GME.N,2020-09-04T00:00:00Z,89.34810142,
648,GME.N,2020-09-11T00:00:00Z,88.7955204,
649,GME.N,2020-09-18T00:00:00Z,101.9148353,
650,GME.N,2020-09-25T00:00:00Z,101.9148353,
651,GME.N,2020-10-02T00:00:00Z,105.3198321,
652,GME.N,2020-10-09T00:00:00Z,105.3198321,
653,GME.N,2020-10-16T00:00:00Z,107.9418235,
654,GME.N,2020-10-23T00:00:00Z,107.9418235,
655,GME.N,2020-10-30T00:00:00Z,102.5233679,
656,GME.N,2020-11-06T00:00:00Z,102.5233679,
657,GME.N,2020-11-13T00:00:00Z,103.5174857,
658,GME.N,2020-11-20T00:00:00Z,103.5174857,
659,GME.N,2020-11-27T00:00:00Z,103.5174857,
660,GME.N,2020-12-04T00:00:00Z,104.3278613,
661,GME.N,2020-12-11T00:00:00Z,97.46959869,
662,GME.N,2020-12-18T00:00:00Z,97.67748577,
663,GME.N,2020-12-25T00:00:00Z,97.67748577,
664,GME.N,2021-01-01T00:00:00Z,102.0778041,
665,GME.N,2021-01-08T00:00:00Z,102.0778041,
666,GME.N,2021-01-15T00:00:00Z,88.58120063,
667,GME.N,2021-01-22T00:00:00Z,88.58120063,
668,GME.N,2021-01-29T00:00:00Z,30.69523277,
669,GME.N,2021-02-05T00:00:00Z,30.69523277,
670,GME.N,2021-02-12T00:00:00Z,23.61110585,
671,GME.N,2021-02-19T00:00:00Z,23.61110585,
672,GME.N,2021-02-26T00:00:00Z,20.35949647,
673,GME.N,2021-03-05T00:00:00Z,20.35949647,
674,GME.N,2021-03-12T00:00:00Z,20.35949647,
675,GME.N,2021-03-19T00:00:00Z,14.60611066,
676,GME.N,2021-03-26T00:00:00Z,14.56663807,
677,GME.N,2021-04-02T00:00:00Z,15.29421185,
678,GME.N,2021-04-09T00:00:00Z,15.27324652,
679,GME.N,2021-04-16T00:00:00Z,15.86720928,
680,GME.N,2021-04-23T00:00:00Z,15.70129995,
681,GME.N,2021-04-30T00:00:00Z,16.69795682,
682,GME.N,2021-05-07T00:00:00Z,16.69795682,
683,GME.N,2021-05-14T00:00:00Z,16.91718759,
684,GME.N,2021-05-21T00:00:00Z,16.91718759,
685,GME.N,2021-05-28T00:00:00Z,16.91587351,
686,GME.N,2021-06-04T00:00:00Z,16.91587351,
687,GME.N,2021-06-11T00:00:00Z,16.67019703,
688,GME.N,2021-06-18T00:00:00Z,13.46617559,
689,GME.N,2021-06-25T00:00:00Z,13.46617559,
690,GME.N,2021-07-02T00:00:00Z,11.45250714,
691,GME.N,2021-07-09T00:00:00Z,11.45250714,
692,GME.N,2021-07-16T00:00:00Z,11.24480123,
693,GME.N,2021-07-23T00:00:00Z,11.24480123,
694,GME.N,2021-07-30T00:00:00Z,10.67307526,
695,GME.N,2021-08-06T00:00:00Z,10.67307526,
696,GME.N,2021-08-13T00:00:00Z,10.54642345,
697,GME.N,2021-08-20T00:00:00Z,10.54642345,
698,GME.N,2021-08-27T00:00:00Z,10.54642345,
699,GME.N,2021-09-03T00:00:00Z,10.85701873,
700,GME.N,2021-09-10T00:00:00Z,10.19318099,
701,GME.N,2021-09-17T00:00:00Z,9.642760027,
702,GME.N,2021-09-24T00:00:00Z,9.642760027,
703,GME.N,2021-10-01T00:00:00Z,10.22452936,
704,GME.N,2021-10-08T00:00:00Z,10.22452936,
705,GME.N,2021-10-15T00:00:00Z,10.02992339,
706,GME.N,2021-10-22T00:00:00Z,10.02992339,
707,GME.N,2021-10-29T00:00:00Z,9.230706479,
708,GME.N,2021-11-05T00:00:00Z,9.230706479,
709,GME.N,2021-11-12T00:00:00Z,9.230706479,
710,GME.N,2021-11-19T00:00:00Z,8.857650473,
711,GME.N,2021-11-26T00:00:00Z,8.857650473,
712,GME.N,2021-12-03T00:00:00Z,8.39561915,
713,GME.N,2021-12-10T00:00:00Z,8.39561915,
714,GME.N,2021-12-17T00:00:00Z,11.25848847,
715,GME.N,2021-12-24T00:00:00Z,11.25848847,
716,GME.N,2021-12-31T00:00:00Z,11.04690033,
717,GME.N,2022-01-07T00:00:00Z,11.04690033,
718,GME.N,2022-01-14T00:00:00Z,12.2594938,
719,GME.N,2022-01-21T00:00:00Z,12.28213383,
720,GME.N,2022-01-28T00:00:00Z,12.28213383,
721,GME.N,2022-02-04T00:00:00Z,14.4050294,
722,GME.N,2022-02-11T00:00:00Z,14.4050294,
723,GME.N,2022-02-18T00:00:00Z,15.64324239,
724,GME.N,2022-02-25T00:00:00Z,15.64324239,
725,GME.N,2022-03-04T00:00:00Z,15.34184621,
726,GME.N,2022-03-11T00:00:00Z,15.34184621,
727,GME.N,2022-03-18T00:00:00Z,16.17188855,
728,GME.N,2022-03-25T00:00:00Z,16.17188855,
729,GME.N,2022-04-01T00:00:00Z,16.04615072,
730,GME.N,2022-04-08T00:00:00Z,16.04615072,
731,GME.N,2022-04-15T00:00:00Z,18.5070069,
732,GME.N,2022-04-22T00:00:00Z,18.5070069,
733,GME.N,2022-04-29T00:00:00Z,17.73797666,
734,GME.N,2022-05-06T00:00:00Z,17.73797666,
735,GME.N,2022-05-13T00:00:00Z,19.81133104,
736,GME.N,2022-05-20T00:00:00Z,19.81133104,
737,GME.N,2022-05-27T00:00:00Z,19.81133104,
738,GME.N,2022-06-03T00:00:00Z,20.40988454,
739,GME.N,2022-06-10T00:00:00Z,20.40988454,
740,GME.N,2022-06-17T00:00:00Z,19.06157312,
741,GME.N,2022-06-24T00:00:00Z,19.06157312,
742,GME.N,2022-07-01T00:00:00Z,17.47215778,
743,GME.N,2022-07-08T00:00:00Z,17.47215778,
744,GME.N,2022-07-15T00:00:00Z,19.57923525,
745,GME.N,2022-07-22T00:00:00Z,19.57923525,
746,GME.N,2022-07-29T00:00:00Z,19.67333276,
747,GME.N,2022-08-05T00:00:00Z,19.67333276,
748,GME.N,2022-08-12T00:00:00Z,19.67333276,
749,GME.N,2022-08-19T00:00:00Z,17.48529306,
750,GME.N,2022-08-26T00:00:00Z,17.48529306,
751,GME.N,2022-09-02T00:00:00Z,16.28592553,
752,GME.N,2022-09-09T00:00:00Z,16.28517683,
753,GME.N,2022-09-16T00:00:00Z,16.2628168,
754,GME.N,2022-09-23T00:00:00Z,16.2628168,
755,GME.N,2022-09-30T00:00:00Z,16.77745838,
756,GME.N,2022-10-07T00:00:00Z,16.77745838,
757,GME.N,2022-10-14T00:00:00Z,17.69412176,
758,GME.N,2022-10-21T00:00:00Z,17.69412176,
759,GME.N,2022-10-28T00:00:00Z,17.69412176,
760,GME.N,2022-11-04T00:00:00Z,17.52626145,
761,GME.N,2022-11-11T00:00:00Z,17.52626145,
762,GME.N,2022-11-18T00:00:00Z,17.94751617,
763,GME.N,2022-11-25T00:00:00Z,17.94751617,
764,GME.N,2022-12-02T00:00:00Z,17.9359137,
765,GME.N,2022-12-09T00:00:00Z,17.93308709,
766,GME.N,2022-12-16T00:00:00Z,17.96160491,
767,GME.N,2022-12-23T00:00:00Z,17.96160491,
768,GME.N,2022-12-30T00:00:00Z,19.17794949,
769,GME.N,2023-01-06T00:00:00Z,19.17794949,
770,GME.N,2023-01-13T00:00:00Z,19.81027126,
771,GME.N,2023-01-20T00:00:00Z,19.81027126,
772,GME.N,2023-01-27T00:00:00Z,19.81027126,
773,GME.N,2023-02-03T00:00:00Z,19.0040062,
774,GME.N,2023-02-10T00:00:00Z,19.0040062,
775,GME.N,2023-02-17T00:00:00Z,18.80951283,
776,GME.N,2023-02-24T00:00:00Z,18.80951283,
777,GME.N,2023-03-03T00:00:00Z,18.66549225,
778,GME.N,2023-03-10T00:00:00Z,18.66549225,
779,GME.N,2023-03-17T00:00:00Z,19.20877772,
780,GME.N,2023-03-24T00:00:00Z,19.20877772,
781,GME.N,2023-03-31T00:00:00Z,18.6177563,
782,GME.N,2023-04-07T00:00:00Z,18.6177563,
783,GME.N,2023-04-14T00:00:00Z,18.40387922,
784,GME.N,2023-04-21T00:00:00Z,18.40387922,
785,GME.N,2023-04-28T00:00:00Z,18.941412,
786,GME.N,2023-05-05T00:00:00Z,18.93880125,
787,GME.N,2023-05-12T00:00:00Z,18.93880125,
788,GME.N,2023-05-19T00:00:00Z,18.81116183,
789,GME.N,2023-05-26T00:00:00Z,18.81116183,
790,GME.N,2023-06-02T00:00:00Z,18.32566381,
791,GME.N,2023-06-09T00:00:00Z,18.32361928,
792,GME.N,2023-06-16T00:00:00Z,18.09842166,
793,GME.N,2023-06-23T00:00:00Z,18.09842166,
794,GME.N,2023-06-30T00:00:00Z,17.15532976,
795,GME.N,2023-07-07T00:00:00Z,17.15532976,
796,GME.N,2023-07-14T00:00:00Z,16.95179967,
797,GME.N,2023-07-21T00:00:00Z,16.95179967,
798,GME.N,2023-07-28T00:00:00Z,16.95179967,
799,GME.N,2023-08-04T00:00:00Z,16.56399815,
800,GME.N,2023-08-11T00:00:00Z,16.56399815,
801,GME.N,2023-08-18T00:00:00Z,16.80180114,
802,GME.N,2023-08-25T00:00:00Z,16.80180114,
803,GME.N,2023-09-01T00:00:00Z,16.81715039,
804,GME.N,2023-09-08T00:00:00Z,16.79015401,
805,GME.N,2023-09-15T00:00:00Z,17.67468033,
806,GME.N,2023-09-22T00:00:00Z,17.67468033,
807,GME.N,2023-09-29T00:00:00Z,18.31145062,
808,GME.N,2023-10-06T00:00:00Z,18.31145062,
809,GME.N,2023-10-13T00:00:00Z,19.18433304,
810,GME.N,2023-10-20T00:00:00Z,19.18433304,
811,GME.N,2023-10-27T00:00:00Z,19.18433304,
812,GME.N,2023-11-03T00:00:00Z,19.63640271,
813,GME.N,2023-11-10T00:00:00Z,19.63640271,
814,GME.N,2023-11-17T00:00:00Z,19.63640271,
815,GME.N,2023-11-24T00:00:00Z,19.63640271,
816,AMC.N,2020-01-03T00:00:00Z,28.46049168,
817,AMC.N,2020-01-10T00:00:00Z,28.46049168,
818,AMC.N,2020-01-17T00:00:00Z,27.97778216,
819,AMC.N,2020-01-24T00:00:00Z,27.97778216,
820,AMC.N,2020-01-31T00:00:00Z,27.166381,
821,AMC.N,2020-02-07T00:00:00Z,27.166381,
822,AMC.N,2020-02-14T00:00:00Z,26.72129053,
823,AMC.N,2020-02-21T00:00:00Z,26.72129053,
824,AMC.N,2020-02-28T00:00:00Z,23.91297509,
825,AMC.N,2020-03-06T00:00:00Z,23.91916886,
826,AMC.N,2020-03-13T00:00:00Z,21.17631281,
827,AMC.N,2020-03-20T00:00:00Z,21.17631281,
828,AMC.N,2020-03-27T00:00:00Z,21.17631281,
829,AMC.N,2020-04-03T00:00:00Z,18.21267723,
830,AMC.N,2020-04-10T00:00:00Z,18.21267723,
831,AMC.N,2020-04-17T00:00:00Z,23.2014073,
832,AMC.N,2020-04-24T00:00:00Z,23.2014073,
833,AMC.N,2020-05-01T00:00:00Z,20.98713378,
834,AMC.N,2020-05-08T00:00:00Z,20.98713378,
835,AMC.N,2020-05-15T00:00:00Z,21.71460352,
836,AMC.N,2020-05-22T00:00:00Z,21.71460352,
837,AMC.N,2020-05-29T00:00:00Z,19.47059055,
838,AMC.N,2020-06-05T00:00:00Z,19.47059055,
839,AMC.N,2020-06-12T00:00:00Z,19.45621891,
840,AMC.N,2020-06-19T00:00:00Z,15.23803717,
841,AMC.N,2020-06-26T00:00:00Z,15.23803717,
842,AMC.N,2020-07-03T00:00:00Z,17.00305793,
843,AMC.N,2020-07-10T00:00:00Z,17.00305793,
844,AMC.N,2020-07-17T00:00:00Z,15.97506015,
845,AMC.N,2020-07-24T00:00:00Z,15.97506015,
846,AMC.N,2020-07-31T00:00:00Z,16.87251507,
847,AMC.N,2020-08-07T00:00:00Z,16.10080498,
848,AMC.N,2020-08-14T00:00:00Z,15.50585351,
849,AMC.N,2020-08-21T00:00:00Z,15.50585351,
850,AMC.N,2020-08-28T00:00:00Z,15.50585351,
851,AMC.N,2020-09-04T00:00:00Z,16.24590968,
852,AMC.N,2020-09-11T00:00:00Z,16.24590968,
853,AMC.N,2020-09-18T00:00:00Z,20.02119577,
854,AMC.N,2020-09-25T00:00:00Z,20.02119577,
855,AMC.N,2020-10-02T00:00:00Z,19.66405291,
856,AMC.N,2020-10-09T00:00:00Z,19.66405291,
857,AMC.N,2020-10-16T00:00:00Z,20.41908268,
858,AMC.N,2020-10-23T00:00:00Z,20.41908268,
859,AMC.N,2020-10-30T00:00:00Z,21.85353873,
860,AMC.N,2020-11-06T00:00:00Z,17.38812749,
861,AMC.N,2020-11-13T00:00:00Z,21.29693944,
862,AMC.N,2020-11-20T00:00:00Z,21.29693944,
863,AMC.N,2020-11-27T00:00:00Z,21.29693944,
864,AMC.N,2020-12-04T00:00:00Z,24.39249816,
865,AMC.N,2020-12-11T00:00:00Z,20.85903452,
866,AMC.N,2020-12-18T00:00:00Z,23.70346057,
867,AMC.N,2020-12-25T00:00:00Z,23.70346057,
868,AMC.N,2021-01-01T00:00:00Z,24.26948845,
869,AMC.N,2021-01-08T00:00:00Z,24.26948845,
870,AMC.N,2021-01-15T00:00:00Z,27.80406804,
871,AMC.N,2021-01-22T00:00:00Z,27.80406804,
872,AMC.N,2021-01-29T00:00:00Z,11.12427613,
873,AMC.N,2021-02-05T00:00:00Z,11.12427613,
874,AMC.N,2021-02-12T00:00:00Z,14.19710097,
875,AMC.N,2021-02-19T00:00:00Z,14.19710097,
876,AMC.N,2021-02-26T00:00:00Z,16.36668879,
877,AMC.N,2021-03-05T00:00:00Z,16.36668879,
878,AMC.N,2021-03-12T00:00:00Z,16.36668879,
879,AMC.N,2021-03-19T00:00:00Z,9.823471435,
880,AMC.N,2021-03-26T00:00:00Z,9.823471435,
881,AMC.N,2021-04-02T00:00:00Z,14.70818748,
882,AMC.N,2021-04-09T00:00:00Z,14.70818748,
883,AMC.N,2021-04-16T00:00:00Z,18.70562235,
884,AMC.N,2021-04-23T00:00:00Z,18.70562235,
885,AMC.N,2021-04-30T00:00:00Z,17.4431947,
886,AMC.N,2021-05-07T00:00:00Z,17.43888644,
887,AMC.N,2021-05-14T00:00:00Z,18.8382136,
888,AMC.N,2021-05-21T00:00:00Z,18.8382136,
889,AMC.N,2021-05-28T00:00:00Z,20.3771584,
890,AMC.N,2021-06-04T00:00:00Z,18.48134853,
891,AMC.N,2021-06-11T00:00:00Z,18.48134853,
892,AMC.N,2021-06-18T00:00:00Z,15.36925168,
893,AMC.N,2021-06-25T00:00:00Z,15.36925168,
894,AMC.N,2021-07-02T00:00:00Z,13.63562431,
895,AMC.N,2021-07-09T00:00:00Z,13.63562431,
896,AMC.N,2021-07-16T00:00:00Z,14.40665542,
897,AMC.N,2021-07-23T00:00:00Z,14.40665542,
898,AMC.N,2021-07-30T00:00:00Z,15.50820487,
899,AMC.N,2021-08-06T00:00:00Z,15.50820487,
900,AMC.N,2021-08-13T00:00:00Z,16.35414644,
901,AMC.N,2021-08-20T00:00:00Z,16.35414644,
902,AMC.N,2021-08-27T00:00:00Z,16.35414644,
903,AMC.N,2021-09-03T00:00:00Z,16.97822134,
904,AMC.N,2021-09-10T00:00:00Z,16.97822134,
905,AMC.N,2021-09-17T00:00:00Z,17.18831019,
906,AMC.N,2021-09-24T00:00:00Z,17.18831019,
907,AMC.N,2021-10-01T00:00:00Z,16.1108788,
908,AMC.N,2021-10-08T00:00:00Z,16.1108788,
909,AMC.N,2021-10-15T00:00:00Z,16.32269355,
910,AMC.N,2021-10-22T00:00:00Z,16.32269355,
911,AMC.N,2021-10-29T00:00:00Z,16.74706768,
912,AMC.N,2021-11-05T00:00:00Z,16.74706768,
913,AMC.N,2021-11-12T00:00:00Z,16.72838845,
914,AMC.N,2021-11-19T00:00:00Z,15.46007884,
915,AMC.N,2021-11-26T00:00:00Z,15.46007884,
916,AMC.N,2021-12-03T00:00:00Z,14.74311863,
917,AMC.N,2021-12-10T00:00:00Z,16.22812723,
918,AMC.N,2021-12-17T00:00:00Z,18.8147052,
919,AMC.N,2021-12-24T00:00:00Z,18.8147052,
920,AMC.N,2021-12-31T00:00:00Z,18.43531747,
921,AMC.N,2022-01-07T00:00:00Z,18.43531747,
922,AMC.N,2022-01-14T00:00:00Z,18.87979788,
923,AMC.N,2022-01-21T00:00:00Z,18.87979788,
924,AMC.N,2022-01-28T00:00:00Z,18.87979788,
925,AMC.N,2022-02-04T00:00:00Z,20.97448153,
926,AMC.N,2022-02-11T00:00:00Z,20.97448153,
927,AMC.N,2022-02-18T00:00:00Z,20.27224731,
928,AMC.N,2022-02-25T00:00:00Z,20.27224731,
929,AMC.N,2022-03-04T00:00:00Z,17.82218159,
930,AMC.N,2022-03-11T00:00:00Z,17.82218159,
931,AMC.N,2022-03-18T00:00:00Z,18.37805955,
932,AMC.N,2022-03-25T00:00:00Z,18.37805955,
933,AMC.N,2022-04-01T00:00:00Z,17.83826238,
934,AMC.N,2022-04-08T00:00:00Z,17.83826238,
935,AMC.N,2022-04-15T00:00:00Z,17.54413752,
936,AMC.N,2022-04-22T00:00:00Z,17.54413752,
937,AMC.N,2022-04-29T00:00:00Z,17.69988866,
938,AMC.N,2022-05-06T00:00:00Z,17.69858123,
939,AMC.N,2022-05-13T00:00:00Z,19.14725971,
940,AMC.N,2022-05-20T00:00:00Z,19.14725971,
941,AMC.N,2022-05-27T00:00:00Z,19.14725971,
942,AMC.N,2022-06-03T00:00:00Z,19.3160351,
943,AMC.N,2022-06-10T00:00:00Z,19.3160351,
944,AMC.N,2022-06-17T00:00:00Z,19.87475281,
945,AMC.N,2022-06-24T00:00:00Z,19.87475281,
946,AMC.N,2022-07-01T00:00:00Z,17.82920716,
947,AMC.N,2022-07-08T00:00:00Z,17.82920716,
948,AMC.N,2022-07-15T00:00:00Z,16.91124677,
949,AMC.N,2022-07-22T00:00:00Z,16.91124677,
950,AMC.N,2022-07-29T00:00:00Z,16.72413198,
951,AMC.N,2022-08-05T00:00:00Z,16.72413198,
952,AMC.N,2022-08-12T00:00:00Z,18.39935722,
953,AMC.N,2022-08-19T00:00:00Z,17.2501901,
954,AMC.N,2022-08-26T00:00:00Z,28.08030959,
955,AMC.N,2022-09-02T00:00:00Z,19.90691943,
956,AMC.N,2022-09-09T00:00:00Z,19.90691943,
957,AMC.N,2022-09-16T00:00:00Z,19.35137959,
958,AMC.N,2022-09-23T00:00:00Z,19.35137959,
959,AMC.N,2022-09-30T00:00:00Z,19.13974877,
960,AMC.N,2022-10-07T00:00:00Z,19.13974877,
961,AMC.N,2022-10-14T00:00:00Z,20.19271701,
962,AMC.N,2022-10-21T00:00:00Z,20.19271701,
963,AMC.N,2022-10-28T00:00:00Z,20.19271701,
964,AMC.N,2022-11-04T00:00:00Z,19.70430304,
965,AMC.N,2022-11-11T00:00:00Z,19.70430304,
966,AMC.N,2022-11-18T00:00:00Z,21.58094427,
967,AMC.N,2022-11-25T00:00:00Z,21.58094427,
968,AMC.N,2022-12-02T00:00:00Z,19.37029339,
969,AMC.N,2022-12-09T00:00:00Z,19.37029339,
970,AMC.N,2022-12-16T00:00:00Z,20.99129757,
971,AMC.N,2022-12-23T00:00:00Z,20.99129757,
972,AMC.N,2022-12-30T00:00:00Z,21.95005427,
973,AMC.N,2023-01-06T00:00:00Z,21.95005427,
974,AMC.N,2023-01-13T00:00:00Z,22.51544152,
975,AMC.N,2023-01-20T00:00:00Z,22.51544152,
976,AMC.N,2023-01-27T00:00:00Z,22.51544152,
977,AMC.N,2023-02-03T00:00:00Z,22.88336813,
978,AMC.N,2023-02-10T00:00:00Z,22.88336813,
979,AMC.N,2023-02-17T00:00:00Z,25.433322,
980,AMC.N,2023-02-24T00:00:00Z,25.433322,
981,AMC.N,2023-03-03T00:00:00Z,24.33657908,
982,AMC.N,2023-03-10T00:00:00Z,24.26101827,
983,AMC.N,2023-03-17T00:00:00Z,24.50134093,
984,AMC.N,2023-03-24T00:00:00Z,24.50134093,
985,AMC.N,2023-03-31T00:00:00Z,26.74091492,
986,AMC.N,2023-04-07T00:00:00Z,26.74091492,
987,AMC.N,2023-04-14T00:00:00Z,26.476829,
988,AMC.N,2023-04-21T00:00:00Z,26.476829,
989,AMC.N,2023-04-28T00:00:00Z,25.81199826,
990,AMC.N,2023-05-05T00:00:00Z,25.81199826,
991,AMC.N,2023-05-12T00:00:00Z,25.81199826,
992,AMC.N,2023-05-19T00:00:00Z,20.39788209,
993,AMC.N,2023-05-26T00:00:00Z,20.39788209,
994,AMC.N,2023-06-02T00:00:00Z,22.49666193,
995,AMC.N,2023-06-09T00:00:00Z,22.49666193,
996,AMC.N,2023-06-16T00:00:00Z,23.51452815,
997,AMC.N,2023-06-23T00:00:00Z,23.51452815,
998,AMC.N,2023-06-30T00:00:00Z,28.63987985,
999,AMC.N,2023-07-07T00:00:00Z,28.63987985,
1000,AMC.N,2023-07-14T00:00:00Z,28.89126643,
1001,AMC.N,2023-07-21T00:00:00Z,28.89126643,
1002,AMC.N,2023-07-28T00:00:00Z,28.89126643,
1003,AMC.N,2023-08-04T00:00:00Z,26.53846149,
1004,AMC.N,2023-08-11T00:00:00Z,26.53846149,
1005,AMC.N,2023-08-18T00:00:00Z,29.07510382,
1006,AMC.N,2023-08-25T00:00:00Z,11.29558813,
1007,AMC.N,2023-09-01T00:00:00Z,14.65598884,
1008,AMC.N,2023-09-08T00:00:00Z,14.65793239,
1009,AMC.N,2023-09-15T00:00:00Z,11.16481848,
1010,AMC.N,2023-09-22T00:00:00Z,11.16481848,
1011,AMC.N,2023-09-29T00:00:00Z,8.651238928,
1012,AMC.N,2023-10-06T00:00:00Z,8.651238928,
1013,AMC.N,2023-10-13T00:00:00Z,7.765283806,
1014,AMC.N,2023-10-20T00:00:00Z,7.765283806,
1015,AMC.N,2023-10-27T00:00:00Z,7.765283806,
1016,AMC.N,2023-11-03T00:00:00Z,9.339134994,
1017,AMC.N,2023-11-10T00:00:00Z,9.339134994,
1018,AMC.N,2023-11-17T00:00:00Z,9.339134994,
1019,AMC.N,2023-11-24T00:00:00Z,9.339134994,
